{
  "a": -6.43492984737238,
  "b": 4.124765067512787,
  "fitted_on": 200,
  "ts": "2026-05-29T22:56:59.401020+00:00"
}